country,Total_vaccin,Nombre_vaccin_utilis√©,Date
Argentina,78094983,6,2022-01-01
Chile,33273638,4,2022-01-01
Czechia,14607456,3,2022-01-01
Ecuador,27567784,4,2022-01-01
"European Union",727990949,9,2022-01-01
France,123995614,4,2022-01-01
Germany,150312176,5,2022-01-01
"Hong Kong",9943963,2,2022-01-01
Iceland,1,4,2022-01-01
Italy,111407780,4,2022-01-01
Latvia,2009633,2,2022-01-01
Peru,50324971,3,2022-01-01
Romania,14976123,3,2022-01-01
"South Korea",103765846,5,2022-01-01
Switzerland,13838224,3,2022-01-01
Ukraine,28457565,5,2022-01-01
Uruguay,5435971,3,2022-01-01
Argentina,78198046,6,2022-01-02
Chile,33273734,4,2022-01-02
Czechia,14622713,3,2022-01-02
Ecuador,27574142,4,2022-01-02
"European Union",728581993,9,2022-01-02
France,124071688,4,2022-01-02
Germany,150466126,5,2022-01-02
"Hong Kong",9965870,2,2022-01-02
Iceland,2,4,2022-01-02
Italy,99581576,3,2022-01-02
Latvia,2295175,3,2022-01-02
Peru,50438697,3,2022-01-02
Romania,15830772,4,2022-01-02
"South Korea",103788051,5,2022-01-02
Switzerland,13843956,3,2022-01-02
Ukraine,28457565,5,2022-01-02
Uruguay,5435973,3,2022-01-02
Argentina,78685015,6,2022-01-03
Chile,33310197,4,2022-01-03
Czechia,15581695,4,2022-01-03
Ecuador,27660809,4,2022-01-03
"European Union",730409658,9,2022-01-03
France,124684062,4,2022-01-03
Germany,150946639,5,2022-01-03
"Hong Kong",10004711,2,2022-01-03
Iceland,771,4,2022-01-03
Italy,100210010,3,2022-01-03
Latvia,2303543,3,2022-01-03
Peru,50684556,3,2022-01-03
Romania,15856687,4,2022-01-03
"South Korea",104398191,5,2022-01-03
Switzerland,13916853,3,2022-01-03
Ukraine,28493854,5,2022-01-03
Uruguay,5437608,3,2022-01-03
Argentina,79231892,6,2022-01-04
Chile,33348677,4,2022-01-04
Czechia,15670952,4,2022-01-04
Ecuador,27770818,4,2022-01-04
"European Union",732722477,9,2022-01-04
France,125475485,4,2022-01-04
Germany,151646236,5,2022-01-04
"Hong Kong",10043815,2,2022-01-04
Iceland,1893,4,2022-01-04
Italy,100899557,3,2022-01-04
Latvia,2315538,3,2022-01-04
Peru,50956653,3,2022-01-04
Romania,15887687,4,2022-01-04
"South Korea",104847205,5,2022-01-04
Switzerland,14002998,3,2022-01-04
Ukraine,28596332,5,2022-01-04
"United States",512127105,3,2022-01-04
Uruguay,5439106,3,2022-01-04
Argentina,79772964,6,2022-01-05
Chile,33380382,4,2022-01-05
Czechia,15765352,4,2022-01-05
Ecuador,27889104,4,2022-01-05
"European Union",735059292,9,2022-01-05
France,126189269,4,2022-01-05
Germany,152461415,5,2022-01-05
"Hong Kong",10082454,2,2022-01-05
Iceland,4072,4,2022-01-05
Italy,101567206,3,2022-01-05
Latvia,2328581,3,2022-01-05
Peru,51272127,3,2022-01-05
Romania,15920447,4,2022-01-05
"South Korea",105278990,5,2022-01-05
Switzerland,14089066,3,2022-01-05
Ukraine,28701176,5,2022-01-05
"United States",513300641,3,2022-01-05
Uruguay,5439868,3,2022-01-05
Argentina,80315121,6,2022-01-06
Chile,33425535,4,2022-01-06
Czechia,15867280,4,2022-01-06
Ecuador,28008270,4,2022-01-06
"European Union",737018225,9,2022-01-06
France,126980457,4,2022-01-06
Germany,153142569,5,2022-01-06
"Hong Kong",10123989,2,2022-01-06
Iceland,7451,4,2022-01-06
Italy,101907780,3,2022-01-06
Latvia,2342148,3,2022-01-06
Peru,51590900,3,2022-01-06
Romania,15950969,4,2022-01-06
"South Korea",105767284,5,2022-01-06
Switzerland,14175822,3,2022-01-06
Ukraine,28773017,5,2022-01-06
"United States",514622127,3,2022-01-06
Uruguay,5439870,3,2022-01-06
Argentina,80879724,6,2022-01-07
Austria,16856528,5,2022-01-07
Belgium,22576207,5,2022-01-07
Bulgaria,3855134,4,2022-01-07
Chile,33471499,4,2022-01-07
Croatia,4843635,4,2022-01-07
Cyprus,1525149,4,2022-01-07
Czechia,15979128,4,2022-01-07
Denmark,11615135,4,2022-01-07
Ecuador,28127567,4,2022-01-07
Estonia,1911704,4,2022-01-07
"European Union",747967119,9,2022-01-07
Finland,10189705,4,2022-01-07
France,127861921,4,2022-01-07
Germany,153906871,5,2022-01-07
"Hong Kong",10169119,2,2022-01-07
Hungary,13448940,5,2022-01-07
Iceland,9098,4,2022-01-07
Ireland,10007718,4,2022-01-07
Italy,102596331,3,2022-01-07
Latvia,2620109,4,2022-01-07
Liechtenstein,65220,3,2022-01-07
Lithuania,4232475,4,2022-01-07
Luxembourg,1024516,4,2022-01-07
Malta,1109212,4,2022-01-07
Netherlands,31509285,5,2022-01-07
Norway,10144241,4,2022-01-07
Peru,51910375,3,2022-01-07
Poland,45761114,5,2022-01-07
Portugal,19066221,6,2022-01-07
Romania,15983827,4,2022-01-07
Slovakia,5450778,3,2022-01-07
Slovenia,2783015,4,2022-01-07
"South Korea",106500689,5,2022-01-07
Spain,89455436,4,2022-01-07
Sweden,16943569,4,2022-01-07
Switzerland,14264689,3,2022-01-07
Ukraine,28773017,5,2022-01-07
"United States",516054391,3,2022-01-07
Uruguay,5440246,3,2022-01-07
Argentina,81148714,6,2022-01-08
Chile,33475393,4,2022-01-08
Czechia,16013557,4,2022-01-08
Ecuador,28172752,4,2022-01-08
"European Union",749743838,9,2022-01-08
France,128397850,4,2022-01-08
Germany,154423317,5,2022-01-08
"Hong Kong",10205807,2,2022-01-08
Iceland,9114,4,2022-01-08
Italy,103237317,3,2022-01-08
Latvia,2365534,3,2022-01-08
Peru,52242936,3,2022-01-08
Romania,16024810,4,2022-01-08
"South Korea",106935425,5,2022-01-08
Switzerland,14315088,3,2022-01-08
Ukraine,28799967,5,2022-01-08
"United States",517477417,3,2022-01-08
Uruguay,5440250,3,2022-01-08
Argentina,81311755,6,2022-01-09
Chile,33475819,4,2022-01-09
Czechia,15146548,3,2022-01-09
Ecuador,28214660,4,2022-01-09
"European Union",750551180,9,2022-01-09
France,128562874,4,2022-01-09
Germany,154607923,5,2022-01-09
"Hong Kong",10233897,2,2022-01-09
Iceland,9115,4,2022-01-09
Italy,103658431,3,2022-01-09
Latvia,2367305,3,2022-01-09
Peru,52444445,3,2022-01-09
Romania,16039660,4,2022-01-09
"South Korea",106957447,5,2022-01-09
Switzerland,14338461,3,2022-01-09
Ukraine,28820343,5,2022-01-09
"United States",518790446,3,2022-01-09
Uruguay,5440250,3,2022-01-09
Argentina,81822791,6,2022-01-10
Chile,33525600,4,2022-01-10
Czechia,16112993,4,2022-01-10
Ecuador,28351474,4,2022-01-10
"European Union",752480538,9,2022-01-10
France,129150970,4,2022-01-10
Germany,155165732,5,2022-01-10
"Hong Kong",10279048,2,2022-01-10
Iceland,12520,4,2022-01-10
Italy,104327661,3,2022-01-10
Latvia,2639197,4,2022-01-10
Peru,52721387,3,2022-01-10
Romania,16065053,4,2022-01-10
"South Korea",107536153,5,2022-01-10
Switzerland,14410144,3,2022-01-10
Ukraine,28916728,5,2022-01-10
"United States",519620816,3,2022-01-10
Uruguay,5448205,3,2022-01-10
Argentina,82319948,6,2022-01-11
Chile,33569971,4,2022-01-11
Czechia,16200931,4,2022-01-11
Ecuador,28498440,4,2022-01-11
"European Union",754814621,9,2022-01-11
France,129838518,4,2022-01-11
Germany,155960362,5,2022-01-11
"Hong Kong",10322514,2,2022-01-11
Iceland,17191,4,2022-01-11
Italy,117218962,4,2022-01-11
Latvia,2651484,4,2022-01-11
Peru,52980894,3,2022-01-11
Romania,16090958,4,2022-01-11
"South Korea",107973750,5,2022-01-11
Switzerland,14489539,3,2022-01-11
Ukraine,29023090,5,2022-01-11
"United States",520610994,3,2022-01-11
Uruguay,5450091,3,2022-01-11
Argentina,82816572,6,2022-01-12
Chile,33608912,4,2022-01-12
Czechia,16288075,4,2022-01-12
Ecuador,28646489,4,2022-01-12
"European Union",757114872,9,2022-01-12
France,130422321,4,2022-01-12
Germany,156838880,5,2022-01-12
"Hong Kong",10363062,2,2022-01-12
Iceland,24042,4,2022-01-12
Italy,105767539,3,2022-01-12
Latvia,2400936,3,2022-01-12
Peru,53223435,3,2022-01-12
Romania,16115653,4,2022-01-12
"South Korea",108355263,5,2022-01-12
Switzerland,14564938,3,2022-01-12
Ukraine,29125670,5,2022-01-12
"United States",521933208,3,2022-01-12
Uruguay,5463667,3,2022-01-12
Argentina,83278821,6,2022-01-13
Chile,33645346,4,2022-01-13
Czechia,16373443,4,2022-01-13
Ecuador,28776165,4,2022-01-13
"European Union",759390151,9,2022-01-13
France,131036617,4,2022-01-13
Germany,157673882,5,2022-01-13
"Hong Kong",10406363,2,2022-01-13
Iceland,29953,4,2022-01-13
Italy,106476011,3,2022-01-13
Latvia,2412098,3,2022-01-13
Peru,53470292,3,2022-01-13
Romania,15287091,3,2022-01-13
"South Korea",108792303,5,2022-01-13
Switzerland,14641609,3,2022-01-13
Ukraine,29218505,5,2022-01-13
"United States",523742313,3,2022-01-13
Uruguay,5476961,3,2022-01-13
Argentina,83695790,6,2022-01-14
Austria,17188980,5,2022-01-14
Belgium,23361313,5,2022-01-14
Bulgaria,4005523,4,2022-01-14
Chile,33680005,4,2022-01-14
Croatia,4968725,4,2022-01-14
Cyprus,1561965,4,2022-01-14
Czechia,16466171,4,2022-01-14
Denmark,11834859,4,2022-01-14
Ecuador,28908044,4,2022-01-14
Estonia,1944350,4,2022-01-14
"European Union",770419862,9,2022-01-14
Finland,10656300,4,2022-01-14
France,131747278,4,2022-01-14
Germany,158450727,5,2022-01-14
"Hong Kong",10451055,2,2022-01-14
Hungary,13634896,5,2022-01-14
Iceland,32222,4,2022-01-14
Ireland,10197276,4,2022-01-14
Italy,107184318,3,2022-01-14
Latvia,2687962,4,2022-01-14
Liechtenstein,67350,3,2022-01-14
Lithuania,4311589,4,2022-01-14
Luxembourg,1067633,4,2022-01-14
Malta,1144460,4,2022-01-14
Netherlands,32652808,5,2022-01-14
Norway,10528738,4,2022-01-14
Peru,53700575,3,2022-01-14
Poland,46887055,5,2022-01-14
Portugal,19646389,6,2022-01-14
Romania,15311934,3,2022-01-14
Slovakia,5614521,3,2022-01-14
Slovenia,2845627,4,2022-01-14
"South Korea",109487140,5,2022-01-14
Spain,91961066,4,2022-01-14
Sweden,17383139,4,2022-01-14
Switzerland,14720399,3,2022-01-14
Ukraine,29309322,5,2022-01-14
"United States",525145327,3,2022-01-14
Uruguay,5483987,3,2022-01-14
Argentina,83882122,6,2022-01-15
Chile,33683534,4,2022-01-15
Czechia,16490656,4,2022-01-15
Ecuador,28961263,4,2022-01-15
"European Union",772061607,9,2022-01-15
France,132176878,4,2022-01-15
Germany,158915440,5,2022-01-15
"Hong Kong",10486595,2,2022-01-15
Iceland,32223,4,2022-01-15
Italy,107884627,3,2022-01-15
Latvia,2430533,3,2022-01-15
Peru,53924660,3,2022-01-15
Romania,15329457,3,2022-01-15
"South Korea",109836213,5,2022-01-15
Switzerland,14762896,3,2022-01-15
Ukraine,29349091,5,2022-01-15
"United States",526438079,3,2022-01-15
Uruguay,5484117,3,2022-01-15
Argentina,84015467,6,2022-01-16
Chile,33683735,4,2022-01-16
Czechia,16503507,4,2022-01-16
Ecuador,28994732,4,2022-01-16
"European Union",772787086,9,2022-01-16
France,132289762,4,2022-01-16
Germany,159069651,5,2022-01-16
"Hong Kong",10513818,2,2022-01-16
Iceland,32225,4,2022-01-16
Italy,108318762,3,2022-01-16
Latvia,2432231,3,2022-01-16
Peru,54055725,3,2022-01-16
Romania,15339157,3,2022-01-16
"South Korea",109857566,5,2022-01-16
Switzerland,14775835,3,2022-01-16
Ukraine,29372377,5,2022-01-16
Uruguay,5484122,3,2022-01-16
Argentina,84433950,6,2022-01-17
Chile,33723283,4,2022-01-17
Czechia,16557464,4,2022-01-17
Ecuador,29107933,4,2022-01-17
"European Union",774347305,9,2022-01-17
France,132692768,4,2022-01-17
Germany,159549068,5,2022-01-17
"Hong Kong",10554637,2,2022-01-17
Iceland,34258,4,2022-01-17
Italy,108918428,3,2022-01-17
Latvia,2701985,4,2022-01-17
Peru,54239151,3,2022-01-17
Romania,16205661,4,2022-01-17
"South Korea",110331562,5,2022-01-17
Switzerland,14831636,3,2022-01-17
Ukraine,29453298,5,2022-01-17
Uruguay,5492802,3,2022-01-17
Argentina,84839246,6,2022-01-18
Chile,33755058,4,2022-01-18
Czechia,16615212,4,2022-01-18
Ecuador,29217671,4,2022-01-18
"European Union",776168946,9,2022-01-18
France,133148487,4,2022-01-18
Germany,160199685,5,2022-01-18
"Hong Kong",10593390,2,2022-01-18
Iceland,36636,4,2022-01-18
Italy,109549639,3,2022-01-18
Latvia,2449106,3,2022-01-18
Peru,54407062,3,2022-01-18
Romania,16222341,4,2022-01-18
"South Korea",110653454,5,2022-01-18
Switzerland,14891882,3,2022-01-18
Ukraine,29538475,5,2022-01-18
"United States",528804260,3,2022-01-18
Uruguay,5502374,3,2022-01-18
Argentina,85223968,6,2022-01-19
Chile,33788822,4,2022-01-19
Czechia,16667724,4,2022-01-19
Ecuador,29312936,4,2022-01-19
"European Union",777905123,9,2022-01-19
France,133515950,4,2022-01-19
Germany,160877665,5,2022-01-19
"Hong Kong",10630757,2,2022-01-19
Iceland,41793,4,2022-01-19
Italy,110161079,3,2022-01-19
Latvia,2721716,4,2022-01-19
Peru,54570570,3,2022-01-19
Romania,15389509,3,2022-01-19
"South Korea",110925104,5,2022-01-19
Switzerland,14946862,3,2022-01-19
Ukraine,29613234,5,2022-01-19
"United States",529967536,3,2022-01-19
Uruguay,5513006,3,2022-01-19
Argentina,85605498,6,2022-01-20
Chile,33815958,4,2022-01-20
Czechia,16722522,4,2022-01-20
Ecuador,29400867,4,2022-01-20
"European Union",779668668,9,2022-01-20
France,133896060,4,2022-01-20
Germany,161577326,5,2022-01-20
"Hong Kong",10670741,2,2022-01-20
Iceland,46086,4,2022-01-20
Italy,110765268,3,2022-01-20
Latvia,2730966,4,2022-01-20
Peru,54716167,3,2022-01-20
Romania,16254595,4,2022-01-20
"South Korea",111262607,5,2022-01-20
Switzerland,14999711,3,2022-01-20
Ukraine,29699380,5,2022-01-20
"United States",531400502,3,2022-01-20
Uruguay,5524008,3,2022-01-20
Argentina,85975208,6,2022-01-21
Austria,17430708,5,2022-01-21
Belgium,23855826,5,2022-01-21
Bulgaria,4095906,4,2022-01-21
Chile,33838329,4,2022-01-21
Croatia,5046491,4,2022-01-21
Cyprus,1587949,4,2022-01-21
Czechia,16784344,4,2022-01-21
Denmark,11987343,4,2022-01-21
Ecuador,29495139,4,2022-01-21
Estonia,1969255,4,2022-01-21
"European Union",788158810,9,2022-01-21
Finland,11032111,4,2022-01-21
France,134356464,4,2022-01-21
Germany,162172612,5,2022-01-21
"Hong Kong",10718798,2,2022-01-21
Hungary,13811584,5,2022-01-21
Iceland,48034,4,2022-01-21
Ireland,10292375,4,2022-01-21
Italy,111352344,3,2022-01-21
Latvia,2740912,4,2022-01-21
Liechtenstein,68682,3,2022-01-21
Lithuania,4361602,4,2022-01-21
Luxembourg,1101083,4,2022-01-21
Malta,1165114,4,2022-01-21
Netherlands,33126474,5,2022-01-21
Norway,10806355,4,2022-01-21
Peru,54855913,3,2022-01-21
Poland,47813731,5,2022-01-21
Portugal,20240879,5,2022-01-21
Romania,15422112,3,2022-01-21
Slovakia,6580723,4,2022-01-21
Slovenia,2866670,4,2022-01-21
"South Korea",111807032,5,2022-01-21
Spain,94202471,4,2022-01-21
Sweden,17899708,4,2022-01-21
Switzerland,15054237,3,2022-01-21
Ukraine,29790690,5,2022-01-21
"United States",532383831,3,2022-01-21
Uruguay,5529131,3,2022-01-21
Argentina,86148083,6,2022-01-22
Chile,33840556,4,2022-01-22
Czechia,15908197,3,2022-01-22
Ecuador,29539722,4,2022-01-22
"European Union",789332113,9,2022-01-22
France,134637161,4,2022-01-22
Germany,162467425,5,2022-01-22
"Hong Kong",10758051,2,2022-01-22
Italy,111918242,3,2022-01-22
Latvia,2482591,3,2022-01-22
Peru,55001587,3,2022-01-22
Romania,15438820,3,2022-01-22
"South Korea",112093388,5,2022-01-22
Switzerland,15083063,3,2022-01-22
Ukraine,29829551,5,2022-01-22
"United States",533447356,3,2022-01-22
Uruguay,5529293,3,2022-01-22
Argentina,86266468,6,2022-01-23
Chile,33840730,4,2022-01-23
Czechia,15914723,3,2022-01-23
Ecuador,29564790,4,2022-01-23
"European Union",789864396,9,2022-01-23
France,134701671,4,2022-01-23
Germany,162575031,5,2022-01-23
"Hong Kong",10790030,2,2022-01-23
Iceland,48036,4,2022-01-23
Italy,112266453,3,2022-01-23
Latvia,2483915,3,2022-01-23
Peru,55112422,3,2022-01-23
Romania,15442926,3,2022-01-23
"South Korea",112109867,5,2022-01-23
Switzerland,15089068,3,2022-01-23
Ukraine,29852092,5,2022-01-23
"United States",534140227,3,2022-01-23
Uruguay,5529293,3,2022-01-23
Argentina,86631900,6,2022-01-24
Chile,33871078,4,2022-01-24
Czechia,16839890,4,2022-01-24
Ecuador,29635566,4,2022-01-24
"European Union",791087353,9,2022-01-24
France,134980694,4,2022-01-24
Germany,162930899,5,2022-01-24
"Hong Kong",10837796,2,2022-01-24
Iceland,49222,4,2022-01-24
Italy,112798120,3,2022-01-24
Latvia,2489308,3,2022-01-24
Peru,55279677,3,2022-01-24
Romania,15455859,3,2022-01-24
"South Korea",112460809,5,2022-01-24
Switzerland,15125211,3,2022-01-24
Ukraine,29921638,5,2022-01-24
"United States",534838455,3,2022-01-24
Uruguay,5539356,3,2022-01-24
Argentina,86976496,6,2022-01-25
Chile,33899923,4,2022-01-25
Czechia,16877214,4,2022-01-25
Ecuador,29706656,4,2022-01-25
"European Union",792514785,9,2022-01-25
France,135295226,4,2022-01-25
Germany,163429668,5,2022-01-25
"Hong Kong",10884530,2,2022-01-25
Iceland,50647,4,2022-01-25
Italy,113350686,3,2022-01-25
Latvia,2496233,3,2022-01-25
Peru,55447389,3,2022-01-25
Romania,15473175,3,2022-01-25
"South Korea",112743987,5,2022-01-25
Switzerland,15161375,3,2022-01-25
Ukraine,30003374,5,2022-01-25
"United States",535878161,3,2022-01-25
Uruguay,5548277,3,2022-01-25
Argentina,87317607,6,2022-01-26
Chile,33925906,4,2022-01-26
Czechia,16916786,4,2022-01-26
Ecuador,29773279,4,2022-01-26
"European Union",793889383,9,2022-01-26
France,135570273,4,2022-01-26
Germany,163931621,5,2022-01-26
"Hong Kong",10932006,2,2022-01-26
Iceland,53512,4,2022-01-26
Italy,113882523,3,2022-01-26
Latvia,2503549,3,2022-01-26
Peru,55627994,3,2022-01-26
Romania,15492048,3,2022-01-26
"South Korea",113033747,5,2022-01-26
Switzerland,15195082,3,2022-01-26
Ukraine,30085734,5,2022-01-26
"United States",536700545,3,2022-01-26
Uruguay,5559708,3,2022-01-26
Argentina,87666580,6,2022-01-27
Chile,33949872,4,2022-01-27
Czechia,16956637,4,2022-01-27
Ecuador,29840071,4,2022-01-27
"European Union",795250649,9,2022-01-27
France,135837780,4,2022-01-27
Germany,164439677,5,2022-01-27
"Hong Kong",10981440,2,2022-01-27
Iceland,56314,4,2022-01-27
Italy,114401611,3,2022-01-27
Latvia,2510109,3,2022-01-27
Peru,55820344,3,2022-01-27
Romania,15512252,3,2022-01-27
"South Korea",113384231,5,2022-01-27
Switzerland,15226125,3,2022-01-27
Ukraine,30166832,5,2022-01-27
"United States",535899920,3,2022-01-27
Uruguay,5570465,3,2022-01-27
Argentina,88011114,6,2022-01-28
Austria,17627847,5,2022-01-28
Belgium,24155576,5,2022-01-28
Bulgaria,4156110,4,2022-01-28
Chile,33969811,4,2022-01-28
Croatia,5091686,4,2022-01-28
Cyprus,1605235,4,2022-01-28
Czechia,17013130,4,2022-01-28
Denmark,12061189,4,2022-01-28
Ecuador,29911659,4,2022-01-28
Estonia,1987894,4,2022-01-28
"European Union",801834814,9,2022-01-28
Finland,11273619,4,2022-01-28
France,136221359,4,2022-01-28
Germany,164875170,5,2022-01-28
"Hong Kong",11034412,2,2022-01-28
Hungary,13977176,5,2022-01-28
Iceland,58237,4,2022-01-28
Ireland,10356080,4,2022-01-28
Italy,114935107,3,2022-01-28
Latvia,2780767,4,2022-01-28
Liechtenstein,68912,3,2022-01-28
Lithuania,4399082,4,2022-01-28
Luxembourg,1116563,4,2022-01-28
Malta,1177575,4,2022-01-28
Netherlands,33418626,5,2022-01-28
Norway,10995598,4,2022-01-28
Peru,56016298,3,2022-01-28
Poland,48529476,5,2022-01-28
Portugal,20789235,6,2022-01-28
Romania,15535385,3,2022-01-28
Slovakia,6668003,4,2022-01-28
Slovenia,2885220,4,2022-01-28
"South Korea",113940428,5,2022-01-28
Spain,95988622,4,2022-01-28
Sweden,18348855,4,2022-01-28
Switzerland,15262765,3,2022-01-28
Ukraine,30245396,5,2022-01-28
"United States",536766297,3,2022-01-28
Uruguay,5576002,3,2022-01-28
Argentina,88167557,6,2022-01-29
Chile,33971848,4,2022-01-29
Czechia,17025187,4,2022-01-29
"European Union",802849689,9,2022-01-29
France,136462978,4,2022-01-29
Germany,165085543,5,2022-01-29
"Hong Kong",11078826,2,2022-01-29
Iceland,58240,4,2022-01-29
Italy,115463281,3,2022-01-29
Latvia,2521717,3,2022-01-29
Peru,56279409,3,2022-01-29
Romania,15554518,3,2022-01-29
"South Korea",114311700,5,2022-01-29
Switzerland,15280231,3,2022-01-29
Ukraine,30279598,5,2022-01-29
"United States",537612342,3,2022-01-29
Uruguay,5576033,3,2022-01-29
Argentina,88263675,6,2022-01-30
Chile,33972002,4,2022-01-30
Czechia,16142881,3,2022-01-30
"European Union",803316469,9,2022-01-30
France,136516804,4,2022-01-30
Germany,165161003,5,2022-01-30
"Hong Kong",11115168,2,2022-01-30
Iceland,58241,4,2022-01-30
Italy,115783679,3,2022-01-30
Latvia,2522707,3,2022-01-30
Peru,56480884,3,2022-01-30
Romania,15565809,3,2022-01-30
"South Korea",114338621,5,2022-01-30
Switzerland,15282701,3,2022-01-30
Ukraine,30300581,5,2022-01-30
"United States",538355159,3,2022-01-30
Uruguay,5576034,3,2022-01-30
Argentina,88618810,6,2022-01-31
Chile,34000286,4,2022-01-31
Czechia,16173076,3,2022-01-31
"European Union",804251938,9,2022-01-31
France,136718273,4,2022-01-31
Germany,165392584,5,2022-01-31
"Hong Kong",11125600,2,2022-01-31
Iceland,60146,4,2022-01-31
Italy,116235799,3,2022-01-31
Latvia,2788692,4,2022-01-31
Peru,56705439,3,2022-01-31
Romania,15582497,3,2022-01-31
"South Korea",114359510,5,2022-01-31
Switzerland,15304274,3,2022-01-31
Ukraine,30366236,5,2022-01-31
"United States",538862361,3,2022-01-31
Uruguay,5585555,3,2022-01-31
Argentina,88956976,6,2022-02-01
Chile,34026012,4,2022-02-01
Czechia,16199156,3,2022-02-01
"European Union",805249890,9,2022-02-01
France,136951213,4,2022-02-01
Germany,165684128,5,2022-02-01
"Hong Kong",11125685,2,2022-02-01
Iceland,63171,4,2022-02-01
Italy,116661680,3,2022-02-01
Latvia,2793130,4,2022-02-01
Peru,56924994,3,2022-02-01
Romania,15599566,3,2022-02-01
"South Korea",114362709,5,2022-02-01
Switzerland,15323203,3,2022-02-01
Ukraine,30440828,5,2022-02-01
"United States",539445418,3,2022-02-01
Uruguay,5591232,3,2022-02-01
Argentina,89270093,6,2022-02-02
Chile,34050443,4,2022-02-02
Czechia,17112508,4,2022-02-02
"European Union",806280699,9,2022-02-02
France,137186139,4,2022-02-02
Germany,166044347,5,2022-02-02
"Hong Kong",11126002,2,2022-02-02
Iceland,67170,4,2022-02-02
Italy,117050286,3,2022-02-02
Latvia,2797772,4,2022-02-02
Peru,57126995,3,2022-02-02
Romania,15615751,3,2022-02-02
"South Korea",114376552,5,2022-02-02
Switzerland,15343227,3,2022-02-02
Ukraine,30514023,5,2022-02-02
"United States",540153008,3,2022-02-02
Uruguay,5598008,3,2022-02-02
Argentina,89547739,6,2022-02-03
Chile,34073173,4,2022-02-03
Czechia,16251809,3,2022-02-03
"European Union",807239100,9,2022-02-03
France,137396907,4,2022-02-03
Germany,166384943,5,2022-02-03
"Hong Kong",11151792,2,2022-02-03
Iceland,71068,4,2022-02-03
Italy,117411787,3,2022-02-03
Latvia,2802302,4,2022-02-03
Peru,57339266,3,2022-02-03
Romania,15630334,3,2022-02-03
"South Korea",114770541,5,2022-02-03
Switzerland,15360471,3,2022-02-03
Ukraine,30589327,5,2022-02-03
"United States",540932099,3,2022-02-03
Uruguay,5606730,3,2022-02-03
Argentina,89867315,6,2022-02-04
Austria,17826759,5,2022-02-04
Belgium,24378217,5,2022-02-04
Bulgaria,4204545,4,2022-02-04
Chile,34095169,4,2022-02-04
Croatia,5123998,4,2022-02-04
Cyprus,1622344,4,2022-02-04
Czechia,16288194,3,2022-02-04
Denmark,12096324,4,2022-02-04
Estonia,2000446,4,2022-02-04
"European Union",811881987,9,2022-02-04
Finland,11406995,4,2022-02-04
France,137713932,4,2022-02-04
Germany,166694020,5,2022-02-04
"Hong Kong",11208487,2,2022-02-04
Hungary,14054510,5,2022-02-04
Iceland,73329,4,2022-02-04
Ireland,9230333,3,2022-02-04
Italy,117780157,3,2022-02-04
Latvia,2545236,3,2022-02-04
Liechtenstein,69379,3,2022-02-04
Lithuania,4416641,4,2022-02-04
Luxembourg,1127040,4,2022-02-04
Malta,1183090,4,2022-02-04
Netherlands,33642012,5,2022-02-04
Norway,11104721,4,2022-02-04
Peru,57559632,3,2022-02-04
Poland,48996663,5,2022-02-04
Portugal,21220886,5,2022-02-04
Romania,16496535,4,2022-02-04
Slovakia,5867918,3,2022-02-04
Slovenia,2906505,4,2022-02-04
"South Korea",115178277,5,2022-02-04
Spain,97140804,4,2022-02-04
Sweden,18720645,4,2022-02-04
Switzerland,15382085,3,2022-02-04
Ukraine,30665677,5,2022-02-04
"United States",541519993,3,2022-02-04
Uruguay,5613242,3,2022-02-04
Argentina,90001769,6,2022-02-05
Chile,34096932,4,2022-02-05
Czechia,16293861,3,2022-02-05
"European Union",812619025,9,2022-02-05
France,137919502,4,2022-02-05
Germany,166839299,5,2022-02-05
"Hong Kong",11257530,2,2022-02-05
Iceland,73332,4,2022-02-05
Italy,118145602,3,2022-02-05
Latvia,2547307,3,2022-02-05
Peru,57790621,3,2022-02-05
Romania,15659990,3,2022-02-05
"South Korea",115408188,5,2022-02-05
Switzerland,15394485,3,2022-02-05
Ukraine,30699982,5,2022-02-05
"United States",542194343,3,2022-02-05
Uruguay,5613244,3,2022-02-05
Argentina,90092886,6,2022-02-06
Chile,34097117,4,2022-02-06
Czechia,16296155,3,2022-02-06
"European Union",812912555,9,2022-02-06
France,137960279,4,2022-02-06
Germany,166891331,5,2022-02-06
"Hong Kong",11298126,2,2022-02-06
Iceland,73333,4,2022-02-06
Italy,118336204,3,2022-02-06
Latvia,2547741,3,2022-02-06
Peru,57929989,3,2022-02-06
Romania,15667381,3,2022-02-06
"South Korea",115421573,5,2022-02-06
Switzerland,15396549,3,2022-02-06
Ukraine,30718608,5,2022-02-06
"United States",542738333,3,2022-02-06
Uruguay,5613244,3,2022-02-06
Argentina,90377443,6,2022-02-07
Chile,34123589,4,2022-02-07
Czechia,16312611,3,2022-02-07
"European Union",813602611,9,2022-02-07
France,138170840,4,2022-02-07
Germany,167056003,5,2022-02-07
"Hong Kong",11371501,2,2022-02-07
Iceland,73361,4,2022-02-07
Italy,118621064,3,2022-02-07
Latvia,2550377,3,2022-02-07
Peru,58122973,3,2022-02-07
Romania,15678252,3,2022-02-07
"South Korea",115699009,5,2022-02-07
Switzerland,15409227,3,2022-02-07
Ukraine,30782527,5,2022-02-07
"United States",543137533,3,2022-02-07
Uruguay,5624357,3,2022-02-07
Argentina,90647209,6,2022-02-08
Chile,34148799,4,2022-02-08
Czechia,16328649,3,2022-02-08
"European Union",814397674,9,2022-02-08
France,138388151,4,2022-02-08
Germany,167329018,5,2022-02-08
"Hong Kong",11450183,2,2022-02-08
Iceland,74085,4,2022-02-08
Italy,118894762,3,2022-02-08
Latvia,2553909,3,2022-02-08
Peru,58316090,3,2022-02-08
Romania,15689721,3,2022-02-08
"South Korea",115884430,5,2022-02-08
Switzerland,15421339,3,2022-02-08
Ukraine,30854534,5,2022-02-08
"United States",543656781,3,2022-02-08
Uruguay,5628206,3,2022-02-08
Argentina,90945529,6,2022-02-09
Chile,34171189,4,2022-02-09
Czechia,16344738,3,2022-02-09
"European Union",815177680,9,2022-02-09
France,138615311,4,2022-02-09
Germany,167607902,5,2022-02-09
"Hong Kong",11534996,2,2022-02-09
Iceland,75416,4,2022-02-09
Italy,119138384,3,2022-02-09
Latvia,2557318,3,2022-02-09
Peru,58504918,3,2022-02-09
Romania,15700563,3,2022-02-09
"South Korea",116049615,5,2022-02-09
Switzerland,15435946,3,2022-02-09
Ukraine,30925212,5,2022-02-09
"United States",544288922,3,2022-02-09
Uruguay,5632122,3,2022-02-09
Argentina,91211305,6,2022-02-10
Chile,34192104,4,2022-02-10
Czechia,16360765,3,2022-02-10
"European Union",815892788,9,2022-02-10
France,138810586,4,2022-02-10
Germany,167858437,5,2022-02-10
"Hong Kong",11622848,2,2022-02-10
Iceland,76478,4,2022-02-10
Italy,119377397,3,2022-02-10
Latvia,2560985,3,2022-02-10
Peru,58686321,3,2022-02-10
Romania,15711154,3,2022-02-10
"South Korea",116275313,5,2022-02-10
Switzerland,15447450,3,2022-02-10
Ukraine,30997467,5,2022-02-10
"United States",544991769,3,2022-02-10
Uruguay,5637122,3,2022-02-10
Argentina,91450288,6,2022-02-11
Austria,17930675,5,2022-02-11
Belgium,24600694,5,2022-02-11
Bulgaria,4244124,4,2022-02-11
Chile,34210849,4,2022-02-11
Croatia,5148311,4,2022-02-11
Cyprus,1628040,4,2022-02-11
Czechia,16384511,3,2022-02-11
Denmark,12119495,4,2022-02-11
Estonia,2009331,4,2022-02-11
"European Union",819550038,9,2022-02-11
Finland,11484006,4,2022-02-11
France,139093156,4,2022-02-11
Germany,168084991,5,2022-02-11
"Hong Kong",11716572,2,2022-02-11
Hungary,14113816,5,2022-02-11
Iceland,76964,4,2022-02-11
Ireland,10481785,4,2022-02-11
Italy,119619475,3,2022-02-11
Latvia,2828117,4,2022-02-11
Liechtenstein,69758,3,2022-02-11
Lithuania,4426208,4,2022-02-11
Luxembourg,1133042,4,2022-02-11
Malta,1188591,4,2022-02-11
Netherlands,33779458,5,2022-02-11
Norway,11169831,4,2022-02-11
Peru,58880417,3,2022-02-11
Poland,49331518,5,2022-02-11
Portugal,21597852,6,2022-02-11
Romania,16572070,4,2022-02-11
Slovakia,5893897,3,2022-02-11
Slovenia,2458773,2,2022-02-11
"South Korea",116610962,5,2022-02-11
Spain,98197912,4,2022-02-11
Sweden,18998566,4,2022-02-11
Switzerland,15461430,3,2022-02-11
Ukraine,31071505,5,2022-02-11
"United States",545495198,3,2022-02-11
Uruguay,5640917,3,2022-02-11
Argentina,91572941,6,2022-02-12
Chile,34212517,4,2022-02-12
Czechia,16387381,3,2022-02-12
"European Union",820083573,9,2022-02-12
France,139268275,4,2022-02-12
Germany,168187628,5,2022-02-12
"Hong Kong",11790007,2,2022-02-12
Iceland,76966,4,2022-02-12
Italy,119862405,3,2022-02-12
Latvia,2567369,3,2022-02-12
Peru,59057309,3,2022-02-12
Romania,16580212,4,2022-02-12
"South Korea",116798442,5,2022-02-12
Switzerland,15470846,3,2022-02-12
Ukraine,31107958,5,2022-02-12
"United States",546137074,3,2022-02-12
Uruguay,5640971,3,2022-02-12
Argentina,91649981,6,2022-02-13
Chile,34212737,4,2022-02-13
Czechia,16389275,3,2022-02-13
"European Union",820277302,9,2022-02-13
France,139303310,4,2022-02-13
Germany,168219828,5,2022-02-13
"Hong Kong",11840934,2,2022-02-13
Italy,119981791,3,2022-02-13
Latvia,2567738,3,2022-02-13
Peru,59168579,3,2022-02-13
Romania,15735501,3,2022-02-13
"South Korea",116808375,5,2022-02-13
Switzerland,15472908,3,2022-02-13
Ukraine,31126896,5,2022-02-13
"United States",546621573,3,2022-02-13
Uruguay,5640972,3,2022-02-13
Argentina,91878512,6,2022-02-14
Chile,34232592,4,2022-02-14
Czechia,16399890,3,2022-02-14
"European Union",820776088,9,2022-02-14
France,139491901,4,2022-02-14
Germany,168337409,5,2022-02-14
"Hong Kong",11930564,2,2022-02-14
Iceland,77067,4,2022-02-14
Italy,120155154,3,2022-02-14
Latvia,2569683,3,2022-02-14
Peru,59311214,3,2022-02-14
Romania,15742192,3,2022-02-14
"South Korea",117026533,5,2022-02-14
Switzerland,15481250,3,2022-02-14
Ukraine,31186066,5,2022-02-14
"United States",546957688,3,2022-02-14
Uruguay,5646250,3,2022-02-14
Argentina,92093910,6,2022-02-15
Chile,34251731,4,2022-02-15
Czechia,16409964,3,2022-02-15
"European Union",821360382,9,2022-02-15
France,139680100,4,2022-02-15
Germany,168529515,5,2022-02-15
"Hong Kong",12021823,2,2022-02-15
Iceland,77335,4,2022-02-15
Italy,120339200,3,2022-02-15
Latvia,2834599,4,2022-02-15
Peru,59483177,3,2022-02-15
Romania,15749730,3,2022-02-15
"South Korea",117186712,5,2022-02-15
Switzerland,15488961,3,2022-02-15
Ukraine,31251871,5,2022-02-15
"United States",547459306,3,2022-02-15
Uruguay,5647795,3,2022-02-15
Argentina,92308131,6,2022-02-16
Chile,34271445,4,2022-02-16
Czechia,16420616,3,2022-02-16
"European Union",821902172,9,2022-02-16
France,139852581,4,2022-02-16
Germany,168716704,5,2022-02-16
"Hong Kong",12116388,2,2022-02-16
Iceland,78109,4,2022-02-16
Italy,120501035,3,2022-02-16
Latvia,2836797,4,2022-02-16
Peru,59668173,3,2022-02-16
Romania,15757165,3,2022-02-16
"South Korea",117334785,5,2022-02-16
Switzerland,15498460,3,2022-02-16
Ukraine,31317953,5,2022-02-16
"United States",547901000,3,2022-02-16
Uruguay,5649036,3,2022-02-16
Argentina,92518325,6,2022-02-17
Chile,34290636,4,2022-02-17
Czechia,16431869,3,2022-02-17
"European Union",822373882,9,2022-02-17
France,139967821,4,2022-02-17
Germany,168902464,5,2022-02-17
"Hong Kong",12210279,2,2022-02-17
Iceland,78505,4,2022-02-17
Italy,120650843,3,2022-02-17
Latvia,2576177,3,2022-02-17
Peru,59852606,3,2022-02-17
Romania,15764839,3,2022-02-17
"South Korea",117523585,5,2022-02-17
Switzerland,15505612,3,2022-02-17
Ukraine,31383042,5,2022-02-17
"United States",548442118,3,2022-02-17
Uruguay,5651631,3,2022-02-17
Argentina,92731843,6,2022-02-18
Austria,17989653,5,2022-02-18
Belgium,24763471,5,2022-02-18
Bulgaria,4273098,4,2022-02-18
Chile,34309413,4,2022-02-18
Croatia,5167287,4,2022-02-18
Cyprus,1636957,4,2022-02-18
Czechia,17336463,4,2022-02-18
Denmark,12132703,4,2022-02-18
Estonia,2016502,4,2022-02-18
"European Union",824805458,9,2022-02-18
Finland,11537940,4,2022-02-18
France,140125919,4,2022-02-18
Germany,169078687,5,2022-02-18
"Hong Kong",12312300,2,2022-02-18
Hungary,14156687,5,2022-02-18
Iceland,78878,4,2022-02-18
Ireland,9332927,3,2022-02-18
Italy,120819443,3,2022-02-18
Latvia,2578687,3,2022-02-18
Liechtenstein,69927,3,2022-02-18
Lithuania,4432466,4,2022-02-18
Luxembourg,1136347,4,2022-02-18
Malta,1192750,4,2022-02-18
Netherlands,33853444,5,2022-02-18
Norway,11206797,4,2022-02-18
Peru,60047950,3,2022-02-18
Poland,49576356,5,2022-02-18
Portugal,21775483,5,2022-02-18
Romania,15773418,3,2022-02-18
Slovakia,5909532,3,2022-02-18
Slovenia,2605186,3,2022-02-18
"South Korea",117799025,5,2022-02-18
Spain,98943419,4,2022-02-18
Sweden,19176072,4,2022-02-18
Switzerland,15514157,3,2022-02-18
Ukraine,31450678,5,2022-02-18
"United States",548925817,3,2022-02-18
Uruguay,5654483,3,2022-02-18
Argentina,92818952,6,2022-02-19
Chile,34310895,4,2022-02-19
Czechia,16451647,3,2022-02-19
"European Union",825143620,9,2022-02-19
France,140220265,4,2022-02-19
Germany,169149823,5,2022-02-19
"Hong Kong",12391492,2,2022-02-19
Iceland,78879,4,2022-02-19
Italy,120981669,3,2022-02-19
Latvia,2579779,3,2022-02-19
Nepal,36863182,5,2022-02-19
Peru,60267957,3,2022-02-19
Romania,16630029,4,2022-02-19
"South Korea",117950575,5,2022-02-19
Switzerland,15520252,3,2022-02-19
Ukraine,31480206,5,2022-02-19
"United States",549444527,3,2022-02-19
Uruguay,5654547,3,2022-02-19
Argentina,92872654,6,2022-02-20
Chile,34310990,4,2022-02-20
Czechia,16452567,3,2022-02-20
"European Union",825268203,9,2022-02-20
France,140237027,4,2022-02-20
Germany,169177174,5,2022-02-20
"Hong Kong",12445179,2,2022-02-20
Italy,121057124,3,2022-02-20
Latvia,2579985,3,2022-02-20
Nepal,36896436,5,2022-02-20
Peru,60429024,3,2022-02-20
Romania,16633918,4,2022-02-20
"South Korea",117959723,5,2022-02-20
Switzerland,15521425,3,2022-02-20
Ukraine,31497378,5,2022-02-20
Uruguay,5654547,3,2022-02-20
Argentina,93074188,6,2022-02-21
Chile,34334904,4,2022-02-21
Czechia,16460471,3,2022-02-21
"European Union",825609244,9,2022-02-21
France,140320077,4,2022-02-21
Germany,169286182,5,2022-02-21
"Hong Kong",12528196,2,2022-02-21
Iceland,79450,4,2022-02-21
Italy,121190762,3,2022-02-21
Latvia,2581362,3,2022-02-21
Nepal,37769874,5,2022-02-21
Peru,60638289,3,2022-02-21
Romania,15790424,3,2022-02-21
"South Korea",118135007,5,2022-02-21
Switzerland,15526643,3,2022-02-21
Ukraine,31554104,5,2022-02-21
Uruguay,5659975,3,2022-02-21
Argentina,93276206,6,2022-02-22
Chile,34358176,4,2022-02-22
Czechia,17355227,4,2022-02-22
"European Union",825992706,9,2022-02-22
France,140403242,4,2022-02-22
Germany,169443593,5,2022-02-22
"Hong Kong",12611804,2,2022-02-22
Iceland,79764,4,2022-02-22
Italy,121317991,3,2022-02-22
Latvia,2583041,3,2022-02-22
Nepal,37121196,5,2022-02-22
Peru,60856728,3,2022-02-22
Romania,15796769,3,2022-02-22
"South Korea",118259720,5,2022-02-22
Switzerland,15531000,3,2022-02-22
Ukraine,31617039,5,2022-02-22
"United States",550428677,3,2022-02-22
Uruguay,5663211,3,2022-02-22
Argentina,93479239,6,2022-02-23
Chile,34379558,4,2022-02-23
Czechia,16475920,3,2022-02-23
"European Union",826375110,9,2022-02-23
France,140494789,4,2022-02-23
Germany,169600044,5,2022-02-23
"Hong Kong",12701215,2,2022-02-23
Iceland,80356,4,2022-02-23
Italy,121436724,3,2022-02-23
Latvia,2584766,3,2022-02-23
Nepal,36576224,5,2022-02-23
Peru,61060176,3,2022-02-23
Romania,15802899,3,2022-02-23
"South Korea",118378775,5,2022-02-23
Switzerland,15537354,3,2022-02-23
Ukraine,31683310,5,2022-02-23
"United States",550874725,3,2022-02-23
Uruguay,5673009,3,2022-02-23
Argentina,93648755,6,2022-02-24
Chile,34401370,4,2022-02-24
Czechia,16484028,3,2022-02-24
"European Union",826734882,9,2022-02-24
France,140563637,4,2022-02-24
Germany,169758337,5,2022-02-24
"Hong Kong",12792302,2,2022-02-24
Iceland,81029,4,2022-02-24
Italy,121553355,3,2022-02-24
Latvia,2586464,3,2022-02-24
Nepal,36691630,5,2022-02-24
Peru,61258976,3,2022-02-24
Romania,15809093,3,2022-02-24
"South Korea",118543623,5,2022-02-24
Switzerland,15541696,3,2022-02-24
"United States",551357209,3,2022-02-24
Uruguay,5683352,3,2022-02-24
Argentina,93852237,6,2022-02-25
Austria,18030972,5,2022-02-25
Belgium,24880609,5,2022-02-25
Bulgaria,4296408,4,2022-02-25
Chile,34422883,4,2022-02-25
Croatia,5179257,4,2022-02-25
Cyprus,1643716,4,2022-02-25
Czechia,16497769,3,2022-02-25
Denmark,12144801,4,2022-02-25
Estonia,2022628,5,2022-02-25
"European Union",828393324,9,2022-02-25
Finland,11582986,4,2022-02-25
France,140667807,4,2022-02-25
Germany,169891857,5,2022-02-25
"Hong Kong",12886784,2,2022-02-25
Hungary,14190530,5,2022-02-25
Iceland,81495,4,2022-02-25
Ireland,9368534,3,2022-02-25
Italy,121684244,3,2022-02-25
Latvia,2588883,3,2022-02-25
Liechtenstein,70052,3,2022-02-25
Lithuania,4437866,4,2022-02-25
Luxembourg,1139089,5,2022-02-25
Malta,1195612,4,2022-02-25
Nepal,36814123,5,2022-02-25
Netherlands,33912346,5,2022-02-25
Norway,11226993,4,2022-02-25
Peru,61467976,3,2022-02-25
Poland,49772594,5,2022-02-25
Portugal,21844875,6,2022-02-25
Romania,16665233,4,2022-02-25
Slovakia,5920080,3,2022-02-25
Slovenia,2934816,4,2022-02-25
"South Korea",118793914,5,2022-02-25
Spain,99410181,4,2022-02-25
Sweden,19292373,4,2022-02-25
Switzerland,15547660,3,2022-02-25
"United States",551525469,3,2022-02-25
Uruguay,5688182,3,2022-02-25
Argentina,93924603,6,2022-02-26
Chile,34424908,4,2022-02-26
Czechia,16499617,3,2022-02-26
"European Union",828651542,9,2022-02-26
France,140732850,4,2022-02-26
Germany,169943787,5,2022-02-26
"Hong Kong",12968916,2,2022-02-26
Iceland,81496,4,2022-02-26
Italy,121817779,3,2022-02-26
Latvia,2589878,3,2022-02-26
Nepal,36943242,5,2022-02-26
Peru,61665650,3,2022-02-26
Romania,15820541,3,2022-02-26
"South Korea",118926858,5,2022-02-26
Switzerland,15551402,3,2022-02-26
"United States",552025306,3,2022-02-26
Uruguay,5688230,3,2022-02-26
Argentina,93959645,6,2022-02-27
Chile,34425064,4,2022-02-27
Czechia,16500334,3,2022-02-27
"European Union",828743371,9,2022-02-27
France,140744083,4,2022-02-27
Germany,169959893,5,2022-02-27
"Hong Kong",13028862,2,2022-02-27
Italy,121878275,3,2022-02-27
Latvia,2590003,3,2022-02-27
Nepal,36984611,5,2022-02-27
Peru,61801465,3,2022-02-27
Romania,15823693,3,2022-02-27
"South Korea",118933652,5,2022-02-27
Switzerland,15551606,3,2022-02-27
Uruguay,5688230,3,2022-02-27
Argentina,94004167,6,2022-02-28
Chile,34452301,4,2022-02-28
Czechia,16506240,3,2022-02-28
"European Union",829005549,9,2022-02-28
France,140799304,4,2022-02-28
Germany,170039728,5,2022-02-28
"Hong Kong",13114729,2,2022-02-28
Iceland,81506,4,2022-02-28
Italy,121993673,4,2022-02-28
Latvia,2591289,4,2022-02-28
Nepal,37125732,5,2022-02-28
Peru,61999695,3,2022-02-28
Romania,15828225,3,2022-02-28
"South Korea",119092397,5,2022-02-28
Switzerland,15555504,3,2022-02-28
"United States",552576869,3,2022-02-28
Uruguay,5691856,3,2022-02-28
Argentina,94047669,6,2022-03-01
Chile,34474739,4,2022-03-01
Czechia,16510214,3,2022-03-01
"European Union",829271047,9,2022-03-01
France,140857885,4,2022-03-01
Germany,170152138,5,2022-03-01
"Hong Kong",13193035,2,2022-03-01
Iceland,81563,4,2022-03-01
Italy,120571249,3,2022-03-01
Latvia,2592532,4,2022-03-01
Nepal,37233872,5,2022-03-01
Peru,62171760,3,2022-03-01
Romania,15832750,3,2022-03-01
"South Korea",119097820,5,2022-03-01
Switzerland,15557977,3,2022-03-01
"United States",552874983,3,2022-03-01
Uruguay,5698039,3,2022-03-01
Argentina,94180462,6,2022-03-02
Chile,34489634,4,2022-03-02
Czechia,16515165,4,2022-03-02
"European Union",829537027,9,2022-03-02
France,140921812,4,2022-03-02
Germany,170264370,5,2022-03-02
"Hong Kong",13267729,2,2022-03-02
Iceland,81755,4,2022-03-02
Italy,122157997,4,2022-03-02
Latvia,2593811,4,2022-03-02
Nepal,37269660,5,2022-03-02
Peru,62349045,3,2022-03-02
Romania,15836782,3,2022-03-02
"South Korea",119169412,5,2022-03-02
Switzerland,15562542,3,2022-03-02
"United States",553274206,3,2022-03-02
Uruguay,5708836,3,2022-03-02
Argentina,94306005,6,2022-03-03
Chile,34503126,4,2022-03-03
Czechia,16520118,4,2022-03-03
"European Union",829813143,9,2022-03-03
France,140962482,4,2022-03-03
Germany,170403481,5,2022-03-03
"Hong Kong",13345815,2,2022-03-03
Iceland,81896,4,2022-03-03
Italy,122243731,4,2022-03-03
Latvia,2594993,4,2022-03-03
Peru,62524357,3,2022-03-03
Romania,15841248,3,2022-03-03
"South Korea",119242215,5,2022-03-03
Switzerland,15564696,3,2022-03-03
"United States",553663383,3,2022-03-03
Uruguay,5719067,3,2022-03-03
Argentina,94429785,6,2022-03-04
Austria,18065964,5,2022-03-04
Belgium,24928932,5,2022-03-04
Bulgaria,4309319,4,2022-03-04
Chile,34519192,4,2022-03-04
Croatia,5186439,4,2022-03-04
Cyprus,1650126,4,2022-03-04
Czechia,16529144,4,2022-03-04
Denmark,12154553,4,2022-03-04
Estonia,2028326,5,2022-03-04
"European Union",830996421,9,2022-03-04
Finland,11619385,4,2022-03-04
France,141017533,4,2022-03-04
Germany,170513023,5,2022-03-04
"Hong Kong",13429072,2,2022-03-04
Hungary,14210619,5,2022-03-04
Iceland,81897,4,2022-03-04
Ireland,9403676,3,2022-03-04
Italy,122337063,4,2022-03-04
Latvia,2596670,4,2022-03-04
Liechtenstein,70053,3,2022-03-04
Lithuania,4441761,4,2022-03-04
Luxembourg,1141058,5,2022-03-04
Malta,1198127,4,2022-03-04
Nepal,37431640,5,2022-03-04
Netherlands,33952532,5,2022-03-04
Norway,11239008,4,2022-03-04
Peru,62710846,3,2022-03-04
Poland,49905197,5,2022-03-04
Portugal,21885126,5,2022-03-04
Romania,15846067,3,2022-03-04
Slovakia,6768832,5,2022-03-04
Slovenia,2801897,4,2022-03-04
"South Africa",31989917,2,2022-03-04
"South Korea",119358399,5,2022-03-04
Spain,99796529,4,2022-03-04
Sweden,19368313,4,2022-03-04
Switzerland,15568514,3,2022-03-04
"United States",554025784,3,2022-03-04
Uruguay,5727580,3,2022-03-04
Argentina,94487944,6,2022-03-05
Chile,34520827,4,2022-03-05
Czechia,16529928,4,2022-03-05
"European Union",831165304,9,2022-03-05
France,141051582,4,2022-03-05
Germany,170554367,5,2022-03-05
"Hong Kong",13508976,2,2022-03-05
Iceland,81911,4,2022-03-05
Italy,122425567,4,2022-03-05
Latvia,2597251,4,2022-03-05
Nepal,37682890,5,2022-03-05
Peru,62911455,3,2022-03-05
Romania,15849688,3,2022-03-05
"South Korea",119418828,5,2022-03-05
Switzerland,15570550,3,2022-03-05
"United States",554360648,3,2022-03-05
Uruguay,5727607,3,2022-03-05
Argentina,94542709,6,2022-03-06
Chile,34520931,4,2022-03-06
Czechia,16117856,3,2022-03-06
"European Union",831219040,9,2022-03-06
France,141056271,4,2022-03-06
Germany,170571929,5,2022-03-06
"Hong Kong",13571170,2,2022-03-06
Italy,122454834,4,2022-03-06
Latvia,2597367,4,2022-03-06
Peru,63033737,3,2022-03-06
Romania,15851566,3,2022-03-06
"South Korea",119420813,5,2022-03-06
Switzerland,15570720,3,2022-03-06
"United States",554604189,3,2022-03-06
Uruguay,5727607,3,2022-03-06
Argentina,94693709,6,2022-03-07
Chile,34532913,4,2022-03-07
Czechia,16533735,4,2022-03-07
"European Union",831388453,9,2022-03-07
France,141081387,4,2022-03-07
Germany,170635061,5,2022-03-07
"Hong Kong",13654188,2,2022-03-07
Iceland,81938,4,2022-03-07
Italy,122528741,4,2022-03-07
Latvia,2597994,3,2022-03-07
Peru,63189717,3,2022-03-07
Romania,15854555,3,2022-03-07
"South Africa",32126152,2,2022-03-07
"South Korea",119501212,5,2022-03-07
Switzerland,15572940,3,2022-03-07
"United States",554823977,3,2022-03-07
Uruguay,5734826,3,2022-03-07
Argentina,94796329,6,2022-03-08
Chile,34542693,4,2022-03-08
Czechia,16537110,4,2022-03-08
"European Union",831593897,9,2022-03-08
France,141108075,4,2022-03-08
Germany,170735712,5,2022-03-08
"Hong Kong",13732347,2,2022-03-08
Iceland,82028,4,2022-03-08
Italy,122599623,4,2022-03-08
Latvia,2598849,4,2022-03-08
Nepal,38242703,5,2022-03-08
Peru,63327674,3,2022-03-08
Romania,15857607,3,2022-03-08
"South Africa",32126152,2,2022-03-08
"South Korea",119553598,5,2022-03-08
Switzerland,15574872,3,2022-03-08
"United States",555086565,3,2022-03-08
Uruguay,5741903,3,2022-03-08
Argentina,94913913,6,2022-03-09
Chile,34552155,4,2022-03-09
Czechia,16541342,4,2022-03-09
"European Union",831800521,9,2022-03-09
France,141139084,4,2022-03-09
Germany,170837059,5,2022-03-09
"Hong Kong",13806551,2,2022-03-09
Iceland,82205,4,2022-03-09
Italy,122665801,4,2022-03-09
Latvia,2600088,4,2022-03-09
Nepal,38342802,5,2022-03-09
Peru,63476556,3,2022-03-09
Romania,15860226,3,2022-03-09
"South Africa",32225496,2,2022-03-09
"South Korea",119563945,5,2022-03-09
Switzerland,15579065,3,2022-03-09
"United States",555387829,3,2022-03-09
Uruguay,5751760,3,2022-03-09
Argentina,95028562,6,2022-03-10
Chile,34560850,4,2022-03-10
Czechia,16545492,4,2022-03-10
"European Union",832010656,9,2022-03-10
France,141161511,4,2022-03-10
Germany,170944470,5,2022-03-10
"Hong Kong",13883359,2,2022-03-10
Iceland,82333,4,2022-03-10
Italy,121231198,3,2022-03-10
Latvia,2600986,4,2022-03-10
Peru,63628756,3,2022-03-10
Romania,15862866,3,2022-03-10
"South Africa",32322691,2,2022-03-10
"South Korea",119637147,5,2022-03-10
Switzerland,15580819,3,2022-03-10
"United States",555741156,3,2022-03-10
Uruguay,5760699,3,2022-03-10
Argentina,95154331,6,2022-03-11
Austria,18093208,5,2022-03-11
Belgium,24969449,5,2022-03-11
Bulgaria,4322219,4,2022-03-11
Chile,34572777,4,2022-03-11
Croatia,5192790,5,2022-03-11
Cyprus,1654978,5,2022-03-11
Czechia,16553440,4,2022-03-11
Denmark,12006696,3,2022-03-11
Estonia,2032960,5,2022-03-11
"European Union",833059554,9,2022-03-11
Finland,11648860,4,2022-03-11
France,141194763,4,2022-03-11
Germany,171040062,5,2022-03-11
"Hong Kong",13964068,2,2022-03-11
Hungary,14224475,5,2022-03-11
Iceland,82346,4,2022-03-11
Ireland,9434559,3,2022-03-11
Italy,122817704,4,2022-03-11
Latvia,2602365,4,2022-03-11
Liechtenstein,70162,3,2022-03-11
Lithuania,4444920,4,2022-03-11
Luxembourg,1142466,5,2022-03-11
Malta,1200278,4,2022-03-11
Nepal,38598032,5,2022-03-11
Netherlands,33991463,5,2022-03-11
Norway,11248962,4,2022-03-11
Peru,63788438,3,2022-03-11
Poland,50010696,5,2022-03-11
Portugal,21919492,5,2022-03-11
Romania,15865839,3,2022-03-11
Slovakia,5931145,4,2022-03-11
Slovenia,2480096,3,2022-03-11
"South Africa",32517834,2,2022-03-11
"South Korea",119745647,5,2022-03-11
Spain,100194382,4,2022-03-11
Sweden,19424894,4,2022-03-11
Switzerland,15584778,3,2022-03-11
"United States",555885070,3,2022-03-11
Uruguay,5765318,3,2022-03-11
Argentina,95210653,6,2022-03-12
Chile,34574252,4,2022-03-12
Czechia,16554497,4,2022-03-12
"European Union",833198866,9,2022-03-12
France,141218432,4,2022-03-12
Germany,171074435,5,2022-03-12
"Hong Kong",14032598,2,2022-03-12
Italy,121388183,3,2022-03-12
Latvia,2865205,4,2022-03-12
Nepal,38699896,5,2022-03-12
Peru,63975146,3,2022-03-12
Romania,15867999,3,2022-03-12
"South Africa",32517834,2,2022-03-12
"South Korea",119790540,5,2022-03-12
Switzerland,15586933,3,2022-03-12
"United States",556263633,3,2022-03-12
Uruguay,5765341,3,2022-03-12
Argentina,95238772,6,2022-03-13
Chile,34574343,4,2022-03-13
Czechia,16554714,4,2022-03-13
"European Union",833240791,9,2022-03-13
France,141221693,4,2022-03-13
Germany,171087497,5,2022-03-13
"Hong Kong",14084125,2,2022-03-13
Italy,121412334,3,2022-03-13
Latvia,2602635,3,2022-03-13
Nepal,38791546,5,2022-03-13
Peru,64101384,3,2022-03-13
Romania,15869207,3,2022-03-13
"South Africa",32540997,2,2022-03-13
"South Korea",119791452,5,2022-03-13
Switzerland,15586935,3,2022-03-13
"United States",556465569,3,2022-03-13
Uruguay,5765342,3,2022-03-13
Argentina,95342523,6,2022-03-14
Chile,34583680,4,2022-03-14
Czechia,16558085,4,2022-03-14
"European Union",833383042,9,2022-03-14
France,141245297,4,2022-03-14
Germany,171138697,5,2022-03-14
"Hong Kong",14154899,2,2022-03-14
Iceland,82381,4,2022-03-14
Italy,122981784,4,2022-03-14
Latvia,2603382,4,2022-03-14
Nepal,38883962,5,2022-03-14
Peru,64225684,3,2022-03-14
Romania,15870415,3,2022-03-14
"South Africa",32548342,2,2022-03-14
"South Korea",119849137,5,2022-03-14
Switzerland,15589193,3,2022-03-14
"United States",556623398,3,2022-03-14
Uruguay,5771657,3,2022-03-14
Argentina,95465517,6,2022-03-15
Chile,34592084,4,2022-03-15
Czechia,16561397,4,2022-03-15
"European Union",833567455,9,2022-03-15
France,141273530,4,2022-03-15
Germany,171226240,5,2022-03-15
"Hong Kong",14223551,2,2022-03-15
Iceland,82488,4,2022-03-15
Italy,123044986,4,2022-03-15
Latvia,2604297,4,2022-03-15
Nepal,38994812,5,2022-03-15
Peru,64348003,3,2022-03-15
Romania,15871623,3,2022-03-15
"South Africa",32630886,2,2022-03-15
"South Korea",119887222,5,2022-03-15
Switzerland,15590855,3,2022-03-15
"United States",556892257,3,2022-03-15
Uruguay,5776023,3,2022-03-15
Argentina,95580517,6,2022-03-16
Chile,34599728,4,2022-03-16
Czechia,16565133,4,2022-03-16
"European Union",833755358,9,2022-03-16
France,141311032,4,2022-03-16
Germany,171313998,5,2022-03-16
"Hong Kong",14289389,2,2022-03-16
Iceland,82623,4,2022-03-16
Italy,121594417,3,2022-03-16
Latvia,2867931,5,2022-03-16
Nepal,39101413,5,2022-03-16
Peru,64467564,3,2022-03-16
Romania,15872831,3,2022-03-16
"South Africa",32722417,2,2022-03-16
"South Korea",119924173,5,2022-03-16
Switzerland,15594903,3,2022-03-16
"United States",539115009,3,2022-03-16
Uruguay,5781886,3,2022-03-16
Argentina,95691177,6,2022-03-17
Chile,34607063,4,2022-03-17
Czechia,17456018,5,2022-03-17
"European Union",833936754,9,2022-03-17
France,141338345,4,2022-03-17
Germany,171402545,5,2022-03-17
"Hong Kong",14355919,2,2022-03-17
Iceland,82717,4,2022-03-17
Italy,121654223,3,2022-03-17
Latvia,2605953,3,2022-03-17
Nepal,39251518,5,2022-03-17
Peru,64582025,3,2022-03-17
Romania,15874039,3,2022-03-17
"South Africa",32817492,2,2022-03-17
"South Korea",119973434,5,2022-03-17
Switzerland,15596381,3,2022-03-17
"United States",557385223,3,2022-03-17
Uruguay,5789360,3,2022-03-17
Argentina,95809033,6,2022-03-18
Austria,18115716,5,2022-03-18
Belgium,24991627,5,2022-03-18
Bulgaria,4334124,4,2022-03-18
Chile,34616618,4,2022-03-18
Croatia,5198946,5,2022-03-18
Cyprus,1659699,5,2022-03-18
Czechia,16577001,4,2022-03-18
Denmark,12013801,3,2022-03-18
Estonia,2036330,5,2022-03-18
"European Union",834771482,9,2022-03-18
Finland,11675273,4,2022-03-18
France,141382593,4,2022-03-18
Germany,171471634,5,2022-03-18
"Hong Kong",14428448,2,2022-03-18
Hungary,14232848,5,2022-03-18
Iceland,82738,4,2022-03-18
Ireland,9219503,2,2022-03-18
Italy,123225709,4,2022-03-18
Latvia,2607336,4,2022-03-18
Liechtenstein,70162,3,2022-03-18
Lithuania,4448837,4,2022-03-18
Luxembourg,1143496,5,2022-03-18
Malta,1202205,4,2022-03-18
Nepal,39281058,5,2022-03-18
Netherlands,34028596,5,2022-03-18
Norway,11256663,4,2022-03-18
Peru,64707815,3,2022-03-18
Poland,50106309,5,2022-03-18
Portugal,18552748,2,2022-03-18
Romania,15875247,3,2022-03-18
Slovakia,5935615,4,2022-03-18
Slovenia,2808494,4,2022-03-18
"South Africa",32903329,2,2022-03-18
"South Korea",120060879,5,2022-03-18
Spain,100481832,4,2022-03-18
Sweden,19488550,4,2022-03-18
Switzerland,15600283,3,2022-03-18
"United States",557602326,3,2022-03-18
Uruguay,5793905,3,2022-03-18
Argentina,95874962,6,2022-03-19
Chile,34617748,4,2022-03-19
Czechia,16165056,3,2022-03-19
"European Union",834889058,9,2022-03-19
France,141409440,4,2022-03-19
Germany,171500223,5,2022-03-19
"Hong Kong",14489054,2,2022-03-19
Italy,123285892,4,2022-03-19
Latvia,2607388,3,2022-03-19
Nepal,39289842,5,2022-03-19
Peru,64856735,3,2022-03-19
Romania,15876455,3,2022-03-19
"South Africa",32987853,2,2022-03-19
"South Korea",120095262,5,2022-03-19
Switzerland,15602107,3,2022-03-19
"United States",557846615,3,2022-03-19
Uruguay,5793959,3,2022-03-19
Argentina,95905903,6,2022-03-20
Chile,34617817,4,2022-03-20
Czechia,16165259,3,2022-03-20
"European Union",834920312,9,2022-03-20
France,141412970,4,2022-03-20
Germany,171511301,5,2022-03-20
"Hong Kong",14530830,2,2022-03-20
Italy,121793850,3,2022-03-20
Latvia,2607431,3,2022-03-20
Nepal,39289842,5,2022-03-20
Peru,64963382,3,2022-03-20
Romania,15877663,3,2022-03-20
"South Africa",33008136,2,2022-03-20
"South Korea",120095853,5,2022-03-20
Switzerland,15602107,3,2022-03-20
"United States",558024463,3,2022-03-20
Uruguay,5793960,3,2022-03-20
Argentina,96019209,6,2022-03-21
Chile,34626330,4,2022-03-21
Czechia,16580708,4,2022-03-21
"European Union",835048653,9,2022-03-21
France,141442667,4,2022-03-21
Germany,171553292,5,2022-03-21
"Hong Kong",14597015,2,2022-03-21
Iceland,82795,4,2022-03-21
Italy,123353003,4,2022-03-21
Latvia,2608150,4,2022-03-21
Nepal,39374392,5,2022-03-21
Peru,65063020,3,2022-03-21
Romania,15878871,3,2022-03-21
"South Africa",33014381,2,2022-03-21
"South Korea",120147866,5,2022-03-21
Switzerland,15604308,3,2022-03-21
"United States",558158295,3,2022-03-21
Uruguay,5799713,3,2022-03-21
Argentina,96121604,6,2022-03-22
Chile,34631029,4,2022-03-22
Czechia,16583567,4,2022-03-22
"European Union",835210238,9,2022-03-22
France,141480182,4,2022-03-22
Germany,171622384,5,2022-03-22
"Hong Kong",14660639,2,2022-03-22
Iceland,82913,4,2022-03-22
Italy,123403219,4,2022-03-22
Latvia,2608845,4,2022-03-22
Nepal,39448435,5,2022-03-22
Peru,65168656,3,2022-03-22
Romania,15880079,3,2022-03-22
"South Africa",33023123,2,2022-03-22
"South Korea",120180108,5,2022-03-22
Switzerland,15605958,3,2022-03-22
"United States",558128327,3,2022-03-22
Uruguay,5802776,3,2022-03-22
Argentina,96230448,6,2022-03-23
Czechia,16587133,4,2022-03-23
"European Union",835369589,9,2022-03-23
France,141523014,4,2022-03-23
Germany,171688667,5,2022-03-23
"Hong Kong",14718990,2,2022-03-23
Iceland,82983,4,2022-03-23
Italy,123447655,4,2022-03-23
Latvia,2609871,4,2022-03-23
Nepal,39551107,5,2022-03-23
Peru,65267219,3,2022-03-23
Romania,15881287,3,2022-03-23
"South Africa",33105213,2,2022-03-23
"South Korea",120216624,5,2022-03-23
Switzerland,15609964,3,2022-03-23
"United States",558395956,3,2022-03-23
Uruguay,5805282,3,2022-03-23
Argentina,96253927,6,2022-03-24
Czechia,16590997,4,2022-03-24
"European Union",835525469,9,2022-03-24
France,141554273,4,2022-03-24
Germany,171756534,5,2022-03-24
"Hong Kong",14779257,2,2022-03-24
Iceland,83084,4,2022-03-24
Italy,121991577,3,2022-03-24
Latvia,2610394,4,2022-03-24
Nepal,39635151,5,2022-03-24
Peru,65369211,3,2022-03-24
Romania,15882495,3,2022-03-24
"South Africa",33201427,2,2022-03-24
"South Korea",120260913,5,2022-03-24
Switzerland,15611648,3,2022-03-24
"United States",558718454,3,2022-03-24
Uruguay,5809439,3,2022-03-24
Argentina,96355507,6,2022-03-25
Austria,18125500,5,2022-03-25
Belgium,24991627,5,2022-03-25
Croatia,4631636,4,2022-03-25
Czechia,16598772,4,2022-03-25
Denmark,12014825,3,2022-03-25
"European Union",835732485,9,2022-03-25
Finland,11675692,4,2022-03-25
France,141604288,4,2022-03-25
Germany,171816715,5,2022-03-25
"Hong Kong",14846469,2,2022-03-25
Iceland,83095,4,2022-03-25
Ireland,9220934,2,2022-03-25
Italy,122047267,3,2022-03-25
Latvia,2611376,4,2022-03-25
Luxembourg,1143510,5,2022-03-25
Nepal,39701499,5,2022-03-25
Peru,65469908,3,2022-03-25
Poland,50123651,5,2022-03-25
Romania,15883703,3,2022-03-25
Slovakia,5936176,4,2022-03-25
"South Africa",33296217,2,2022-03-25
"South Korea",120335739,5,2022-03-25
Switzerland,15615822,3,2022-03-25
"United States",558911782,3,2022-03-25
Uruguay,5812236,3,2022-03-25
Argentina,96402680,6,2022-03-26
Czechia,16599290,4,2022-03-26
"European Union",835838546,9,2022-03-26
France,141632440,4,2022-03-26
Germany,171839777,5,2022-03-26
"Hong Kong",14904754,2,2022-03-26
Italy,122100235,3,2022-03-26
Latvia,2611332,3,2022-03-26
Nepal,39751266,5,2022-03-26
Peru,65552891,3,2022-03-26
Romania,15884911,3,2022-03-26
"South Africa",33379248,2,2022-03-26
"South Korea",120372839,5,2022-03-26
Switzerland,15617778,3,2022-03-26
"United States",559179530,3,2022-03-26
Uruguay,5812246,3,2022-03-26
Argentina,96423008,6,2022-03-27
Czechia,16186849,3,2022-03-27
"European Union",835866398,9,2022-03-27
France,141636394,4,2022-03-27
Germany,171849411,5,2022-03-27
"Hong Kong",14944464,2,2022-03-27
Italy,122113127,3,2022-03-27
Latvia,2318186,2,2022-03-27
Nepal,39777115,5,2022-03-27
Romania,15886119,3,2022-03-27
"South Africa",33405701,2,2022-03-27
"South Korea",120373422,5,2022-03-27
Switzerland,15617784,3,2022-03-27
"United States",559346792,3,2022-03-27
Uruguay,5812246,3,2022-03-27
Argentina,96504666,6,2022-03-28
Czechia,16602226,4,2022-03-28
"European Union",835981187,9,2022-03-28
France,141666197,4,2022-03-28
Germany,171885915,5,2022-03-28
Iceland,83137,4,2022-03-28
Italy,122157314,3,2022-03-28
Latvia,2611844,4,2022-03-28
Nepal,39884435,5,2022-03-28
Romania,15887327,3,2022-03-28
"South Africa",33405701,2,2022-03-28
"South Korea",120417525,5,2022-03-28
Switzerland,15619857,3,2022-03-28
"United States",559449618,3,2022-03-28
Uruguay,5814370,3,2022-03-28
Argentina,96504666,6,2022-03-29
Czechia,16604926,4,2022-03-29
"European Union",836078790,9,2022-03-29
Germany,171940027,5,2022-03-29
Italy,122198105,3,2022-03-29
Nepal,39935568,5,2022-03-29
"South Africa",33485691,2,2022-03-29
"South Korea",120442914,5,2022-03-29
"United States",559654361,3,2022-03-29
Uruguay,5815259,3,2022-03-29
"South Africa",33569841,2,2022-03-30
